facet,variable,Variable,survey,Survey,mean,se,li,ui
Demographics,female,Female,anes2012,ANES 2012,-2.7838920008905546e-17,0.030568979069353228,-0.05991519897593235,0.059915198975932296
Demographics,female,Female,lucid,Lucid,0.00280645935978331,0.016915001150178743,-0.030346942894567026,0.03595986161413365
Demographics,female,Female,mturk,MTurk,0.16135705972439135,0.04178018772008665,0.07946789179302151,0.2432462276557612
Demographics,education,Education,anes2012,ANES 2012,-2.0019385951939764e-16,0.029698845840007874,-0.05820973784641563,0.05820973784641523
Demographics,education,Education,lucid,Lucid,0.2105638590284196,0.016371365916931606,0.17847598183123364,0.24265173622560554
Demographics,education,Education,mturk,MTurk,0.49557619679015535,0.03908234893112413,0.41897479288515205,0.5721776006951587
Demographics,age,Age,anes2012,ANES 2012,-2.251943247915638e-16,0.031602576379698315,-0.06194104970420892,0.061941049704208474
Demographics,age,Age,lucid,Lucid,-0.13021583620728275,0.015844738482237556,-0.16127152363246836,-0.09916014878209714
Demographics,age,Age,mturk,MTurk,-0.8380810818584997,0.027623261337061663,-0.8922226740791406,-0.7839394896378589
Demographics,income,Mean income,anes2012,ANES 2012,-1.1804510855399568e-16,0.036259010209134926,-0.07106766000990458,0.07106766000990433
Demographics,income,Mean income,lucid,Lucid,-0.10759358693080827,0.014815072076161836,-0.13663112820008547,-0.07855604566153107
Demographics,income,Mean income,mturk,MTurk,-0.206511016132355,0.029496268523232536,-0.2643237024378908,-0.14869832982681924
Demographics,race_white,White,anes2012,ANES 2012,-1.652682836240156e-16,0.027136756194379504,-0.05318804214098399,0.05318804214098366
Demographics,race_white,White,lucid,Lucid,0.17943349667925074,0.015173742060415142,0.14969296224083706,0.20917403111766442
Demographics,race_white,White,mturk,MTurk,0.19716269812621828,0.037682528441589355,0.12330494238070315,0.2710204538717334
Demographics,race_black,Black,anes2012,ANES 2012,5.601981303280232e-17,0.0248813742976554,-0.04876749362340453,0.04876749362340464
Demographics,race_black,Black,lucid,Lucid,-0.08720066470035509,0.015012516936521031,-0.11662519789593631,-0.05777613150477387
Demographics,race_black,Black,mturk,MTurk,-0.23926773526307807,0.026292603021709268,-0.2908012371856282,-0.1877342333405279
Demographics,race_hispanic,Hispanic,anes2012,ANES 2012,-2.8844200862331015e-17,0.02352276622057445,-0.04610462179232595,0.0461046217923259
Demographics,race_hispanic,Hispanic,lucid,Lucid,-0.1764068806044372,0.012274414462786388,-0.20046473295149853,-0.1523490282573759
Demographics,race_hispanic,Hispanic,mturk,MTurk,-0.13465205930695232,0.0342069404976516,-0.20169766268234945,-0.06760645593155519
Demographics,race_asian,Asian,anes2012,ANES 2012,1.0934851808391625e-17,0.027351171841636667,-0.05360829680960785,0.05360829680960788
Demographics,race_asian,Asian,lucid,Lucid,0.16361511782290836,0.025624409874528388,0.11339127446883271,0.213838961176984
Demographics,race_asian,Asian,mturk,MTurk,NA,NA,NA,NA
Demographics,race_native,Native American,anes2012,ANES 2012,-6.289426278564711e-18,0.022846454610647236,-0.04477905103686859,0.04477905103686858
Demographics,race_native,Native American,lucid,Lucid,0.1128019220798149,0.028633106417007843,0.05668103350247953,0.16892281065715029
Demographics,race_native,Native American,mturk,MTurk,NA,NA,NA,NA
Demographics,region_northeast,Northeast,anes2012,ANES 2012,2.5780658228472927e-17,0.031870580162355645,-0.06246633711821704,0.06246633711821709
Demographics,region_northeast,Northeast,lucid,Lucid,0.02107459776175412,0.017225967315746608,-0.01268829817710923,0.05483749370061747
Demographics,region_northeast,Northeast,mturk,MTurk,0.10012034125203562,0.045822685540811564,0.010307877592044948,0.1899328049120263
Demographics,region_midwest,Midwest,anes2012,ANES 2012,2.2397538290520463e-17,0.03040168192121648,-0.05958729656558428,0.05958729656558432
Demographics,region_midwest,Midwest,lucid,Lucid,0.02843069877990698,0.01724230089315923,-0.005364210970685106,0.06222560853049906
Demographics,region_midwest,Midwest,mturk,MTurk,0.08000783326698185,0.04466894876029417,-0.007543306303194719,0.16755897283715843
Demographics,region_south,South,anes2012,ANES 2012,-8.276983744301284e-17,0.030258399303298367,-0.05930646263446488,0.059306462634464714
Demographics,region_south,South,lucid,Lucid,0.008945274162735077,0.016975820555176584,-0.024327334125411028,0.042217882450881185
Demographics,region_south,South,mturk,MTurk,-0.14619996925727385,0.040458140249343286,-0.22549792414598668,-0.06690201436856101
Demographics,region_west,West,anes2012,ANES 2012,2.452677461510593e-17,0.03031879975666654,-0.059424847523066385,0.05942484752306644
Demographics,region_west,West,lucid,Lucid,-0.058641829305052684,0.01622395798823699,-0.09044078696199719,-0.026842871648108182
Demographics,region_west,West,mturk,MTurk,-0.05135669704796227,0.04106271448224124,-0.13183961743315512,0.029126223337230563
Political Attributes,register,Voter registration,anes2012,ANES 2012,1.0269109868159741e-16,0.02908870302396892,-0.05701385792697898,0.05701385792697919
Political Attributes,register,Voter registration,lucid,Lucid,-0.09068143129274071,0.01844054775805271,-0.12682490489852402,-0.054537957686957406
Political Attributes,register,Voter registration,mturk,MTurk,-0.16633030953980038,0.0484818030601495,-0.2613546435376934,-0.07130597554190736
Political Attributes,vote,Voter turnout,anes2012,ANES 2012,8.63918590706125e-17,0.030561151718786532,-0.059899857368821516,0.05989985736882168
Political Attributes,vote,Voter turnout,lucid,Lucid,0.01632657540170913,0.016845081558100806,-0.01668978445216845,0.04934293525558671
Political Attributes,vote,Voter turnout,mturk,MTurk,-0.11615476489611867,0.04545790855200959,-0.2052522656580575,-0.027057264134179873
Political Attributes,party7,Party ID,anes2012,ANES 2012,-7.454226887896499e-17,0.031078082754931475,-0.060913042199665764,0.06091304219966561
Political Attributes,party7,Party ID,lucid,Lucid,-0.0038109090117203347,0.019126948653157592,-0.04129972837190921,0.033677910348468544
Political Attributes,party7,Party ID,mturk,MTurk,-0.1213044081327274,0.042704708880345194,-0.20500563753820397,-0.03760317872725083
Political Attributes,ideology,Ideology,anes2012,ANES 2012,-2.2567646203502985e-16,0.0346215727840691,-0.06785828265677565,0.06785828265677521
Political Attributes,ideology,Ideology,lucid,Lucid,-0.11052225765791282,0.024396208322298222,-0.15833882596961735,-0.06270568934620831
Political Attributes,ideology,Ideology,mturk,MTurk,-0.575944481283578,0.060979443172426685,-0.6954641899015344,-0.4564247726656217
Political Attributes,interest,Political Interest,anes2012,ANES 2012,-3.2582545487379635e-16,0.0303958166160399,-0.059575800567438525,0.05957580056743787
Political Attributes,interest,Political Interest,lucid,Lucid,0.23565611110751755,0.0158380966592177,0.20461344165545087,0.26669878055958424
Political Attributes,interest,Political Interest,mturk,MTurk,-0.7756545900645689,0.03676298799435037,-0.8477100465334957,-0.7035991335956422
Psychological Attributes,extraversion,Extraverted,anes2012,ANES 2012,1.6494217990457867e-16,0.031539336121506605,-0.061817098798152774,0.06181709879815311
Psychological Attributes,extraversion,Extraverted,lucid,Lucid,-0.38252287438127636,0.02030197949502801,-0.42231475419153125,-0.34273099457102146
Psychological Attributes,extraversion,Extraverted,mturk,MTurk,-0.4825949710433578,0.052083688545605536,-0.5846790005927447,-0.38051094149397097
Psychological Attributes,agreeableness,Agreeable,anes2012,ANES 2012,-4.742007547013051e-16,0.0313948475286866,-0.0615339011562262,0.06153390115622526
Psychological Attributes,agreeableness,Agreeable,lucid,Lucid,0.03689547564979524,0.018922687584119743,-1.9299201507945452e-4,0.07398394331466994
Psychological Attributes,agreeableness,Agreeable,mturk,MTurk,-0.23984411311812456,0.04735666014999591,-0.33266316701211657,-0.14702505922413256
Psychological Attributes,conscientiousness,Conscientious,anes2012,ANES 2012,-1.0642924962665459e-16,0.03098743264528382,-0.06073536798475639,0.060735367984756185
Psychological Attributes,conscientiousness,Conscientious,lucid,Lucid,0.0098656986039104555,0.01823182165802927,-0.02586867184582691,0.04560006905364782
Psychological Attributes,conscientiousness,Conscientious,mturk,MTurk,-0.4295194760454824,0.048895387493639045,-0.525354435533015,-0.3336845165579499
Psychological Attributes,emotionalstability,Stable,anes2012,ANES 2012,-3.011553025647252e-16,0.031804613579424115,-0.062337042615671565,0.06233704261567097
Psychological Attributes,emotionalstability,Stable,lucid,Lucid,-0.1095880763079847,0.01970950741119664,-0.14821871083393012,-0.07095744178203928
Psychological Attributes,emotionalstability,Stable,mturk,MTurk,-0.3576735180801907,0.04986234248907149,-0.45540370935877084,-0.2599433268016106
Psychological Attributes,opennesstoexperiences,Open,anes2012,ANES 2012,2.5349083674285505e-16,0.030600229500195777,-0.059976449820383464,0.05997644982038398
Psychological Attributes,opennesstoexperiences,Open,lucid,Lucid,-0.016591782657229985,0.019203674588833073,-0.054230984851342805,0.021047419536882835
Psychological Attributes,opennesstoexperiences,Open,mturk,MTurk,0.17408344418860985,0.0460088501267091,0.08390609794026002,0.2642607904369597
