variable,lucid,mturk,cces,ccap,anes_panel,anes,anes2012,kam
agreeableness,0.69 (0.00),0.64 (0.01),0.69 (0.01),0.71 (0.00),NA,NA,0.69 (0.01),NA
conscientiousness,0.77 (0.00),0.69 (0.01),0.77 (0.01),0.76 (0.00),NA,NA,0.77 (0.01),NA
emotionalstability,0.64 (0.00),0.58 (0.01),0.66 (0.01),0.67 (0.00),NA,NA,0.66 (0.01),NA
extraversion,0.49 (0.00),0.47 (0.01),0.52 (0.01),0.52 (0.00),NA,NA,0.57 (0.01),NA
opennesstoexperiences,0.67 (0.00),0.71 (0.01),0.68 (0.01),0.70 (0.00),NA,NA,0.68 (0.01),NA
ramean,0.49 (0.00),0.51 (0.01),NA,NA,NA,NA,NA,0.45 (0.01)
NFC,0.57 (0.01),0.63 (0.01),NA,NA,0.60 (0.01),0.56 (0.01),NA,NA
NTE,0.58 (0.00),0.63 (0.01),NA,NA,0.56 (0.01),0.56 (0.01),NA,NA
n,"3,504",551,"1,500","20,000","1,058","2,322","2,054",760
