entry,class,source,form,title,location,published,corrected,note,claim_ids
1,quantity,pipeline,full,Lucid is not significantly closer than MTurk on all five personality traits,"published, online appendix section 1",Formal hypothesis tests demonstrate that Lucid is significantly closer to the ANES 2012 than MTurk on [[all five traits]].,"Formal hypothesis tests demonstrate that Lucid is significantly closer to the ANES 2012 than MTurk on [[four of the five traits, extraversion excepted]].","Appendix Table 1 prints 0.100 and 0.052 for extraversion's distance and bootstrapped standard error. Those two numbers give `z` = 1.92 and a two-tailed p-value of 0.054, above the 0.05 threshold; the table's own p-value column prints 0.034, which is the deposit's expression rather than the two-tailed test. The maintained rewrite's seeded run reaches the same conclusion, at `z` = 1.79 and p = 0.074. The other four traits clear 0.05 by a wide margin under either test.",traits_all_five_significantly_closer;appendix_two_tailed_method
2,quantity,pipeline,full,The number of significant differences in the online appendix,"published, online appendix section 1","Out of 21 opportunities, Lucid is closer to the ANES 18 times, [[14]] of which are significant.","Out of 21 opportunities, Lucid is closer to the ANES 18 times, [[13]] of which are significant.","Extraversion is the difference between the two counts, for the reason given above. Recomputing every p-value from the distance and standard error appendix Table 1 prints gives the same 13. The sentence that follows it is unaffected: MTurk is closer in 3 instances and significant in one, voter turnout, under both tests.",appendix_lucid_closer_significant;appendix_two_tailed_method
3,description,pipeline,full,The MTurk sample under-represents southerners,"published, main text","The regional balance on Lucid comes very close to the 2012 ANES, whereas the MTurk sample appears to [[overrepresent]] southerners.","The regional balance on Lucid comes very close to the 2012 ANES, whereas the MTurk sample appears to [[underrepresent]] southerners.","The southern share is 30.1 per cent on MTurk against the ANES 2012 benchmark of 37.2, so MTurk sits 7.1 points below it; Lucid is at 37.6. Figure 1, which is where the sentence sends the reader, plots the same thing in standard deviations: MTurk at –0.146 and Lucid at 0.009, with the benchmark at zero. MTurk over-represents the Northeast and the Midwest instead. Appendix Table 1 is unaffected: it reports the distance between the two samples rather than the direction of either, and its South row is right.",mturk_overrepresents_southerners
4,quantity,pipeline,full,"Six demographic differences are significant, not five","published, main text","Out of the 11 demographic variables that are measured for both Lucid and MTurk, the Lucid mean is closer to the ANES mean in nine instances, [[five]] of which are statistically significant.","Out of the 11 demographic variables that are measured for both Lucid and MTurk, the Lucid mean is closer to the ANES mean in nine instances, [[six]] of which are statistically significant.","Appendix Table 1 prints a p-value below 0.05 for Female, Education, Age, Mean income, Black and South, and Lucid is the closer sample on all six. The count is the same under the two-tailed test corrected in the first two entries, so it does not turn on which p-value is used.",demographic_significantly_closer
5,quantity,pipeline,brief,The sample size of the Lucid welfare replication,"published, online appendix section 2.1.3","Sample: [[1,811]] Lucid respondents.","Sample: [[3,294]] Lucid respondents.","The sentence is in section 2.1.3 of the online appendix. 1,811 is the Lucid sample of the Hiscox free-trade replication, reported in section 2.4.2 of the same appendix. The welfare data hold 3,504 Lucid rows, of which 3,294 have a usable outcome, and the manifest reports the analysed sample in every other section.",manifest_welfare_lucid_n
6,quantity,pipeline,brief,The sample size of the original Kam and Simas study,"published, online appendix section 2.3.1",Sample: [[761]] respondents gathered from a Knowledge Networks national probability sample.,Sample: [[752]] respondents gathered from a Knowledge Networks national probability sample.,"The sentence is in section 2.3.1 of the online appendix. Appendix Table 2 reports N = 752 for all three models fitted to this sample, and 752 is what the deposited data give. The manifest reports the analysed sample rather than the source study's throughout: its entry for the 1984 General Social Survey gives 943, where the deposited file holds 1,473 respondents for that survey.",manifest_ks_original_n
7,float,pipeline,full,The standard errors and p-values of appendix Table 1 are one draw from an unseeded bootstrap,"published, online appendix Table 1","Table 1's Bootstrapped SE and p-value columns are [[one draw from a 100-resample bootstrap for which the deposited code sets no seed]]. Neither column is reproducible: running the deposited procedure again moves it, and moves the count of significant differences the appendix states along with it.","[[This edition prints a 125,000-resample bootstrap at a declared seed]]. All 21 distances are unchanged and reproduce the published column exactly; thirteen of the 21 standard errors and ten of the 21 p-values differ from it at the three decimals the table prints.","The sampling error of a bootstrap standard deviation is about `SE / sqrt(2B)`. At the deposit's `B` = 100 that is roughly 0.0035 on a standard error near 0.05, three times the last digit the table prints, which is why `appendix_table_1_bootstrap_stability.R` recovers the published count of 14 significant differences on only 39.5 per cent of 200 seeds, ranging 12 to 15. At `B` = 125,000 it falls to 0.00015, about a seventh of that last digit, and the printed column stops being a property of the seed. Nothing here moves a distance, a sign, or the size of any difference, which is what the appendix's argument rests on. What it does settle is the two counts corrected in entries 1 and 2: at this precision they no longer turn on which of the two p-value expressions is used, because extraversion falls short of 0.05 under both.",a1_p_age;a1_p_agreeableness;a1_p_conscientiousness;a1_p_education;a1_p_emotionalstability;a1_p_extraversion;a1_p_female;a1_p_ideology;a1_p_income;a1_p_interest;a1_p_opennesstoexperiences;a1_p_party7;a1_p_race_black;a1_p_race_hispanic;a1_p_race_white;a1_p_region_midwest;a1_p_region_northeast;a1_p_region_south;a1_p_region_west;a1_p_register;a1_p_vote;a1_se_age;a1_se_agreeableness;a1_se_conscientiousness;a1_se_education;a1_se_emotionalstability;a1_se_extraversion;a1_se_female;a1_se_ideology;a1_se_income;a1_se_interest;a1_se_opennesstoexperiences;a1_se_party7;a1_se_race_black;a1_se_race_hispanic;a1_se_race_white;a1_se_region_midwest;a1_se_region_northeast;a1_se_region_south;a1_se_region_west;a1_se_register;a1_se_vote
8,typography,remaster,brief,A missing space in the healthcare rumor study manifest,"published, online appendix section 2.5.1",[[Control:(No]] introduction before asking the rumor belief question.),[[Control: (No]] introduction before asking the rumor belief question.),"The item is in section 2.5.1 of the online appendix. The published page sets no space between the bold `Control:` and the parenthesis after it, where the parallel item in section 2.4.1 sets one and so does every other labelled condition in the manifest. It is the page's own spacing and not an extraction artifact: read off the rendered PDF at 300 dpi, the bold run ends and the roman run begins at the same horizontal position, against a gap of one space width in section 2.4.1. No comparison of text can see it, because a space is not a token.",
9,wording,remaster,full,A missing word in the Discussion,"published, main text p. 12","While we think the theories that underlie most survey experiments conducted in the USA would extend to Lucid, we emphatically do not mean [[to]] that any experiment conducted on a convenience sample is relevant for theory.","While we think the theories that underlie most survey experiments conducted in the USA would extend to Lucid, we emphatically do not mean [[to imply]] that any experiment conducted on a convenience sample is relevant for theory.","The published page sets ""do not mean to that"", which is ungrammatical: a verb is missing after ""to"". The authors' own LaTeX source for the article, in the archived working folder, reads the same, so the omission is not the publisher's typesetting. The paragraph around it separates a theory's predictions extending to a sample from that sample being drawn at random from a population, and the sentence is the authors declining the stronger reading of their own argument, so the missing verb is one of ""imply"", ""say"" or ""suggest"". ""Imply"" is the one supplied here and the choice is recorded rather than presented as a reading of the page: nothing in the paragraph turns on which of the three it is.",
